{
    "name": "root",
    "gauges": {
        "Move_Along.Policy.Entropy.mean": {
            "value": 5.011682510375977,
            "min": 4.334471225738525,
            "max": 5.212559223175049,
            "count": 196
        },
        "Move_Along.Policy.Entropy.sum": {
            "value": 50161.9296875,
            "min": 43325.875,
            "max": 52321.359375,
            "count": 196
        },
        "Move_Along.Step.mean": {
            "value": 1959960.0,
            "min": 9960.0,
            "max": 1959960.0,
            "count": 196
        },
        "Move_Along.Step.sum": {
            "value": 1959960.0,
            "min": 9960.0,
            "max": 1959960.0,
            "count": 196
        },
        "Move_Along.Policy.ExtrinsicValueEstimate.mean": {
            "value": -0.10360610485076904,
            "min": -0.8134262561798096,
            "max": 0.05411655455827713,
            "count": 196
        },
        "Move_Along.Policy.ExtrinsicValueEstimate.sum": {
            "value": -16.162551879882812,
            "min": -136.9764404296875,
            "max": 8.929231643676758,
            "count": 196
        },
        "Move_Along.Policy.GailValueEstimate.mean": {
            "value": 28.150043487548828,
            "min": 0.33719006180763245,
            "max": 46.76744842529297,
            "count": 196
        },
        "Move_Along.Policy.GailValueEstimate.sum": {
            "value": 4391.40673828125,
            "min": 56.760948181152344,
            "max": 7950.46630859375,
            "count": 196
        },
        "Move_Along.Environment.EpisodeLength.mean": {
            "value": 7508.0,
            "min": 156.22222222222223,
            "max": 16993.0,
            "count": 180
        },
        "Move_Along.Environment.EpisodeLength.sum": {
            "value": 7508.0,
            "min": 542.0,
            "max": 45302.0,
            "count": 180
        },
        "Move_Along.Environment.CumulativeReward.mean": {
            "value": -1.0,
            "min": -1.0,
            "max": -0.9230769230769231,
            "count": 180
        },
        "Move_Along.Environment.CumulativeReward.sum": {
            "value": -1.0,
            "min": -63.0,
            "max": -1.0,
            "count": 180
        },
        "Move_Along.Policy.ExtrinsicReward.mean": {
            "value": -1.0,
            "min": -1.0,
            "max": -0.9230769230769231,
            "count": 180
        },
        "Move_Along.Policy.ExtrinsicReward.sum": {
            "value": -1.0,
            "min": -63.0,
            "max": -1.0,
            "count": 180
        },
        "Move_Along.Policy.GailReward.mean": {
            "value": 664.7018368244171,
            "min": 36.93381083684583,
            "max": 3043.762457370758,
            "count": 180
        },
        "Move_Along.Policy.GailReward.sum": {
            "value": 664.7018368244171,
            "min": 65.96774482727051,
            "max": 11681.604351520538,
            "count": 180
        },
        "Move_Along.IsTraining.mean": {
            "value": 1.0,
            "min": 1.0,
            "max": 1.0,
            "count": 196
        },
        "Move_Along.IsTraining.sum": {
            "value": 1.0,
            "min": 1.0,
            "max": 1.0,
            "count": 196
        },
        "Move_Along.Losses.PolicyLoss.mean": {
            "value": 0.03373136206452424,
            "min": 0.03143932486879445,
            "max": 0.03987970641349724,
            "count": 95
        },
        "Move_Along.Losses.PolicyLoss.sum": {
            "value": 0.03373136206452424,
            "min": 0.03143932486879445,
            "max": 0.03987970641349724,
            "count": 95
        },
        "Move_Along.Losses.ValueLoss.mean": {
            "value": 0.9080363295972347,
            "min": 0.43967969715595245,
            "max": 24.897607183456422,
            "count": 95
        },
        "Move_Along.Losses.ValueLoss.sum": {
            "value": 0.9080363295972347,
            "min": 0.43967969715595245,
            "max": 24.897607183456422,
            "count": 95
        },
        "Move_Along.Policy.LearningRate.mean": {
            "value": 0.00015385744871420005,
            "min": 0.00015385744871420005,
            "max": 0.00029846182551272494,
            "count": 95
        },
        "Move_Along.Policy.LearningRate.sum": {
            "value": 0.00015385744871420005,
            "min": 0.00015385744871420005,
            "max": 0.00029846182551272494,
            "count": 95
        },
        "Move_Along.Policy.Epsilon.mean": {
            "value": 0.15128580000000008,
            "min": 0.15128580000000008,
            "max": 0.19948727500000005,
            "count": 95
        },
        "Move_Along.Policy.Epsilon.sum": {
            "value": 0.15128580000000008,
            "min": 0.15128580000000008,
            "max": 0.19948727500000005,
            "count": 95
        },
        "Move_Along.Policy.Beta.mean": {
            "value": 0.00513345142,
            "min": 0.00513345142,
            "max": 0.0099487787725,
            "count": 95
        },
        "Move_Along.Policy.Beta.sum": {
            "value": 0.00513345142,
            "min": 0.00513345142,
            "max": 0.0099487787725,
            "count": 95
        },
        "Move_Along.Policy.GAILPolicyEstimate.mean": {
            "value": 0.14350298860420782,
            "min": 0.13847965303187568,
            "max": 0.506740718210737,
            "count": 95
        },
        "Move_Along.Policy.GAILPolicyEstimate.sum": {
            "value": 0.14350298860420782,
            "min": 0.13847965303187568,
            "max": 0.506740718210737,
            "count": 95
        },
        "Move_Along.Policy.GAILExpertEstimate.mean": {
            "value": 0.8419718747337659,
            "min": 0.5066898753245671,
            "max": 0.8419718747337659,
            "count": 95
        },
        "Move_Along.Policy.GAILExpertEstimate.sum": {
            "value": 0.8419718747337659,
            "min": 0.5066898753245671,
            "max": 0.8419718747337659,
            "count": 95
        },
        "Move_Along.Losses.GAILLoss.mean": {
            "value": 0.40271615932385124,
            "min": 0.39689855712155503,
            "max": 1.38069332887729,
            "count": 95
        },
        "Move_Along.Losses.GAILLoss.sum": {
            "value": 0.40271615932385124,
            "min": 0.39689855712155503,
            "max": 1.38069332887729,
            "count": 95
        },
        "Move_Along.Policy.GAILGradMagLoss.mean": {
            "value": 0.041756283041710654,
            "min": 0.014251807443118499,
            "max": 1.2606497505189813,
            "count": 95
        },
        "Move_Along.Policy.GAILGradMagLoss.sum": {
            "value": 0.041756283041710654,
            "min": 0.014251807443118499,
            "max": 1.2606497505189813,
            "count": 95
        }
    },
    "metadata": {
        "timer_format_version": "0.1.0",
        "start_time_seconds": "1682315240",
        "python_version": "3.9.16 (main, Mar  8 2023, 10:39:24) [MSC v.1916 64 bit (AMD64)]",
        "command_line_arguments": "C:\\ProgramData\\Anaconda3\\envs\\tf_gpu\\Scripts\\mlagents-learn D:\\Unity_projects\\Robotic_trainingAI\\results\\configuration_r.yaml --run-id=77",
        "mlagents_version": "0.30.0",
        "mlagents_envs_version": "0.30.0",
        "communication_protocol_version": "1.5.0",
        "pytorch_version": "2.0.0",
        "numpy_version": "1.21.2",
        "end_time_seconds": "1682322297"
    },
    "total": 7057.2506201999995,
    "count": 1,
    "self": 10.004539999999906,