{
    "name": "root",
    "gauges": {
        "Move_Along.Policy.Entropy.mean": {
            "value": 2.53037691116333,
            "min": 2.53037691116333,
            "max": 3.2957632541656494,
            "count": 300
        },
        "Move_Along.Policy.Entropy.sum": {
            "value": 25202.5546875,
            "min": 25202.5546875,
            "max": 33287.1796875,
            "count": 300
        },
        "Move_Along.Environment.EpisodeLength.mean": {
            "value": 4449.333333333333,
            "min": 90.77477477477477,
            "max": 27407.0,
            "count": 291
        },
        "Move_Along.Environment.EpisodeLength.sum": {
            "value": 13348.0,
            "min": 434.0,
            "max": 77057.0,
            "count": 291
        },
        "Move_Along.Step.mean": {
            "value": 2999957.0,
            "min": 9953.0,
            "max": 2999957.0,
            "count": 300
        },
        "Move_Along.Step.sum": {
            "value": 2999957.0,
            "min": 9953.0,
            "max": 2999957.0,
            "count": 300
        },
        "Move_Along.Policy.GailValueEstimate.mean": {
            "value": 14.289471626281738,
            "min": -0.05896519124507904,
            "max": 16.889863967895508,
            "count": 300
        },
        "Move_Along.Policy.GailValueEstimate.sum": {
            "value": 2243.447021484375,
            "min": -12.42296028137207,
            "max": 2727.85009765625,
            "count": 300
        },
        "Move_Along.Environment.CumulativeReward.mean": {
            "value": -70.83333333333333,
            "min": -1059.5,
            "max": -0.6,
            "count": 291
        },
        "Move_Along.Environment.CumulativeReward.sum": {
            "value": -212.5,
            "min": -3840.5,
            "max": -8.5,
            "count": 291
        },
        "Move_Along.Policy.GailReward.mean": {
            "value": 385.24628136307,
            "min": 19.59505301201716,
            "max": 1561.7140578010003,
            "count": 291
        },
        "Move_Along.Policy.GailReward.sum": {
            "value": 1155.73884408921,
            "min": 19.59505301201716,
            "max": 4228.643658206798,
            "count": 291
        },
        "Move_Along.IsTraining.mean": {
            "value": 1.0,
            "min": 1.0,
            "max": 1.0,
            "count": 300
        },
        "Move_Along.IsTraining.sum": {
            "value": 1.0,
            "min": 1.0,
            "max": 1.0,
            "count": 300
        },
        "Move_Along.Losses.PolicyLoss.mean": {
            "value": 0.035135755253959115,
            "min": 0.034907192312464384,
            "max": 0.036081182398772976,
            "count": 8
        },
        "Move_Along.Losses.PolicyLoss.sum": {
            "value": 0.035135755253959115,
            "min": 0.034907192312464384,
            "max": 0.036081182398772976,
            "count": 8
        },
        "Move_Along.Losses.ValueLoss.mean": {
            "value": 4.311276141360954,
            "min": 1.7948149537322697,
            "max": 8.759280547058141,
            "count": 8
        },
        "Move_Along.Losses.ValueLoss.sum": {
            "value": 4.311276141360954,
            "min": 1.7948149537322697,
            "max": 8.759280547058141,
            "count": 8
        },
        "Move_Along.Policy.LearningRate.mean": {
            "value": 5.054498315199993e-06,
            "min": 5.054498315199993e-06,
            "max": 0.00026313041228986667,
            "count": 8
        },
        "Move_Along.Policy.LearningRate.sum": {
            "value": 5.054498315199993e-06,
            "min": 5.054498315199993e-06,
            "max": 0.00026313041228986667,
            "count": 8
        },
        "Move_Along.Policy.Epsilon.mean": {
            "value": 0.10168479999999999,
            "min": 0.10168479999999999,
            "max": 0.18771013333333333,
            "count": 8
        },
        "Move_Along.Policy.Epsilon.sum": {
            "value": 0.10168479999999999,
            "min": 0.10168479999999999,
            "max": 0.18771013333333333,
            "count": 8
        },
        "Move_Along.Policy.Beta.mean": {
            "value": 0.00017831151999999972,
            "min": 0.00017831151999999972,
            "max": 0.008772242319999998,
            "count": 8
        },
        "Move_Along.Policy.Beta.sum": {
            "value": 0.00017831151999999972,
            "min": 0.00017831151999999972,
            "max": 0.008772242319999998,
            "count": 8
        },
        "Move_Along.Policy.GAILPolicyEstimate.mean": {
            "value": 0.05860338606095562,
            "min": 0.03158569096402196,
            "max": 0.18617019997392265,
            "count": 8
        },
        "Move_Along.Policy.GAILPolicyEstimate.sum": {
            "value": 0.05860338606095562,
            "min": 0.03158569096402196,
            "max": 0.18617019997392265,
            "count": 8
        },
        "Move_Along.Policy.GAILExpertEstimate.mean": {
            "value": 0.95013632643278,
            "min": 0.8329508141786964,
            "max": 0.9738270047638151,
            "count": 8
        },
        "Move_Along.Policy.GAILExpertEstimate.sum": {
            "value": 0.95013632643278,
            "min": 0.8329508141786964,
            "max": 0.9738270047638151,
            "count": 8
        },
        "Move_Along.Losses.GAILLoss.mean": {
            "value": 0.1376856166507221,
            "min": 0.07836140888587882,
            "max": 0.45990980680066124,
            "count": 8
        },
        "Move_Along.Losses.GAILLoss.sum": {
            "value": 0.1376856166507221,
            "min": 0.07836140888587882,
            "max": 0.45990980680066124,
            "count": 8
        },
        "Move_Along.Policy.GAILGradMagLoss.mean": {
            "value": 0.033471341137569485,
            "min": 0.016853288385862943,
            "max": 0.15055206567738896,
            "count": 8
        },
        "Move_Along.Policy.GAILGradMagLoss.sum": {
            "value": 0.033471341137569485,
            "min": 0.016853288385862943,
            "max": 0.15055206567738896,
            "count": 8
        },
        "Move_Along.Losses.PretrainingLoss.mean": {
            "value": 0.49813992778460187,
            "min": 0.49813992778460187,
            "max": 1.0424094994862874,
            "count": 8
        },
        "Move_Along.Losses.PretrainingLoss.sum": {
            "value": 0.49813992778460187,
            "min": 0.49813992778460187,
            "max": 1.0424094994862874,
            "count": 8
        }
    },
    "metadata": {
        "timer_format_version": "0.1.0",
        "start_time_seconds": "1682646007",
        "python_version": "3.9.16 (main, Mar  8 2023, 10:39:24) [MSC v.1916 64 bit (AMD64)]",
        "command_line_arguments": "C:\\ProgramData\\Anaconda3\\envs\\tf_gpu\\Scripts\\mlagents-learn D:\\Unity_projects\\Robotic_trainingAI\\results\\configuration_r.yaml --force",
        "mlagents_version": "0.30.0",
        "mlagents_envs_version": "0.30.0",
        "communication_protocol_version": "1.5.0",
        "pytorch_version": "2.0.0",
        "numpy_version": "1.21.2",
        "end_time_seconds": "1682651671"
    },
    "total": 5664.5978673,
    "count": 1,
    "self": 0.0049090000002252054,
    "children": {
        "run_training.setup": {
            "total": 0.051978700000000266,
            "count": 1,
            "self": 0.051978700000000266
        },
        "TrainerController.start_learning": {
            "total": 5664.540979599999,
            "count": 1,
            "self": 8.808055200102899,