{
    "name": "root",
    "gauges": {
        "Move_Along.Policy.Entropy.mean": {
            "value": 2.81099796295166,
            "min": 2.7602686882019043,
            "max": 3.295600652694702,
            "count": 192
        },
        "Move_Along.Policy.Entropy.sum": {
            "value": 28143.7109375,
            "min": 27591.646484375,
            "max": 33298.6640625,
            "count": 192
        },
        "Move_Along.Step.mean": {
            "value": 1919985.0,
            "min": 9973.0,
            "max": 1919985.0,
            "count": 192
        },
        "Move_Along.Step.sum": {
            "value": 1919985.0,
            "min": 9973.0,
            "max": 1919985.0,
            "count": 192
        },
        "Move_Along.Policy.GailValueEstimate.mean": {
            "value": 18.18212890625,
            "min": 0.10079534351825714,
            "max": 19.537731170654297,
            "count": 192
        },
        "Move_Along.Policy.GailValueEstimate.sum": {
            "value": 2854.59423828125,
            "min": 19.200613021850586,
            "max": 3067.423828125,
            "count": 192
        },
        "Move_Along.Environment.EpisodeLength.mean": {
            "value": 13136.0,
            "min": 92.33653846153847,
            "max": 25758.0,
            "count": 180
        },
        "Move_Along.Environment.EpisodeLength.sum": {
            "value": 13136.0,
            "min": 1274.0,
            "max": 48240.0,
            "count": 180
        },
        "Move_Along.Environment.CumulativeReward.mean": {
            "value": -343.5,
            "min": -756.5,
            "max": -0.6222222222222222,
            "count": 180
        },
        "Move_Along.Environment.CumulativeReward.sum": {
            "value": -343.5,
            "min": -1555.9900000095367,
            "max": -18.990000009536743,
            "count": 180
        },
        "Move_Along.Policy.GailReward.mean": {
            "value": 2441.136917769909,
            "min": 30.123468592762947,
            "max": 4696.691924631596,
            "count": 180
        },
        "Move_Along.Policy.GailReward.sum": {
            "value": 2441.136917769909,
            "min": 30.123468592762947,
            "max": 4696.691924631596,
            "count": 180
        },
        "Move_Along.IsTraining.mean": {
            "value": 1.0,
            "min": 1.0,
            "max": 1.0,
            "count": 192
        },
        "Move_Along.IsTraining.sum": {
            "value": 1.0,
            "min": 1.0,
            "max": 1.0,
            "count": 192
        },
        "Move_Along.Losses.PolicyLoss.mean": {
            "value": 0.03479691481231776,
            "min": 0.03479691481231776,
            "max": 0.037377342377380766,
            "count": 7
        },
        "Move_Along.Losses.PolicyLoss.sum": {
            "value": 0.03479691481231776,
            "min": 0.03479691481231776,
            "max": 0.037377342377380766,
            "count": 7
        },
        "Move_Along.Losses.ValueLoss.mean": {
            "value": 5.506514448051651,
            "min": 2.232775072505077,
            "max": 8.5865661089619,
            "count": 7
        },
        "Move_Along.Losses.ValueLoss.sum": {
            "value": 5.506514448051651,
            "min": 2.232775072505077,
            "max": 8.5865661089619,
            "count": 7
        },
        "Move_Along.Policy.LearningRate.mean": {
            "value": 0.0001279446573518,
            "min": 0.0001279446573518,
            "max": 0.0002754179081940334,
            "count": 7
        },
        "Move_Along.Policy.LearningRate.sum": {
            "value": 0.0001279446573518,
            "min": 0.0001279446573518,
            "max": 0.0002754179081940334,
            "count": 7
        },
        "Move_Along.Policy.Epsilon.mean": {
            "value": 0.1426482,
            "min": 0.1426482,
            "max": 0.1918059666666667,
            "count": 7
        },
        "Move_Along.Policy.Epsilon.sum": {
            "value": 0.1426482,
            "min": 0.1426482,
            "max": 0.1918059666666667,
            "count": 7
        },
        "Move_Along.Policy.Beta.mean": {
            "value": 0.004270555179999999,
            "min": 0.004270555179999999,
            "max": 0.009181416070000002,
            "count": 7
        },
        "Move_Along.Policy.Beta.sum": {
            "value": 0.004270555179999999,
            "min": 0.004270555179999999,
            "max": 0.009181416070000002,
            "count": 7
        },
        "Move_Along.Policy.GAILPolicyEstimate.mean": {
            "value": 0.07276514548834206,
            "min": 0.059863250870775014,
            "max": 0.21375715400402745,
            "count": 7
        },
        "Move_Along.Policy.GAILPolicyEstimate.sum": {
            "value": 0.07276514548834206,
            "min": 0.059863250870775014,
            "max": 0.21375715400402745,
            "count": 7
        },
        "Move_Along.Policy.GAILExpertEstimate.mean": {
            "value": 0.9364515039241976,
            "min": 0.7967397218777074,
            "max": 0.94506279087315,
            "count": 7
        },
        "Move_Along.Policy.GAILExpertEstimate.sum": {
            "value": 0.9364515039241976,
            "min": 0.7967397218777074,
            "max": 0.94506279087315,
            "count": 7
        },
        "Move_Along.Losses.GAILLoss.mean": {
            "value": 0.17531789341010154,
            "min": 0.14835296363518055,
            "max": 0.5444241467035479,
            "count": 7
        },
        "Move_Along.Losses.GAILLoss.sum": {
            "value": 0.17531789341010154,
            "min": 0.14835296363518055,
            "max": 0.5444241467035479,
            "count": 7
        },
        "Move_Along.Policy.GAILGradMagLoss.mean": {
            "value": 0.036813174471576025,
            "min": 0.032379879009709435,
            "max": 0.1898779970787776,
            "count": 7
        },
        "Move_Along.Policy.GAILGradMagLoss.sum": {
            "value": 0.036813174471576025,
            "min": 0.032379879009709435,
            "max": 0.1898779970787776,
            "count": 7
        },
        "Move_Along.Losses.PretrainingLoss.mean": {
            "value": 0.7380710442860922,
            "min": 0.7380710442860922,
            "max": 1.0999839703241985,
            "count": 7
        },
        "Move_Along.Losses.PretrainingLoss.sum": {
            "value": 0.7380710442860922,
            "min": 0.7380710442860922,
            "max": 1.0999839703241985,
            "count": 7
        }
    },
    "metadata": {
        "timer_format_version": "0.1.0",
        "start_time_seconds": "1682586027",
        "python_version": "3.9.16 (main, Mar  8 2023, 10:39:24) [MSC v.1916 64 bit (AMD64)]",
        "command_line_arguments": "C:\\ProgramData\\Anaconda3\\envs\\tf_gpu\\Scripts\\mlagents-learn configuration_r.yaml --force",
        "mlagents_version": "0.30.0",
        "mlagents_envs_version": "0.30.0",
        "communication_protocol_version": "1.5.0",
        "pytorch_version": "2.0.0",
        "numpy_version": "1.21.2",
        "end_time_seconds": "1682589449"
    },
    "total": 3421.1223145,
    "count": 1,
    "self": 0.004681399999753921,
    "children": {
        "run_training.setup": {
            "total": 0.05217020000000039,
            "count": 1,
            "self": 0.05217020000000039
        },
        "TrainerController.start_learning": {
            "total": 3421.0654629,
            "count": 1,
            "self": 5.557219499903113,
            "children": {
                "TrainerController._reset_env": {
                    "total": 15.7265428,
                    "count": 1,