{
    "name": "root",
    "gauges": {
        "Move_Along.Policy.Entropy.mean": {
            "value": 3.2040505409240723,
            "min": 3.2040505409240723,
            "max": 3.2957468032836914,
            "count": 9
        },
        "Move_Along.Policy.Entropy.sum": {
            "value": 32078.953125,
            "min": 32078.953125,
            "max": 33115.625,
            "count": 9
        },
        "Move_Along.Environment.EpisodeLength.mean": {
            "value": 25.318421052631578,
            "min": 25.318421052631578,
            "max": 145.05714285714285,
            "count": 9
        },
        "Move_Along.Environment.EpisodeLength.sum": {
            "value": 9621.0,
            "min": 9621.0,
            "max": 10154.0,
            "count": 9
        },
        "Move_Along.Step.mean": {
            "value": 89996.0,
            "min": 9936.0,
            "max": 89996.0,
            "count": 9
        },
        "Move_Along.Step.sum": {
            "value": 89996.0,
            "min": 9936.0,
            "max": 89996.0,
            "count": 9
        },
        "Move_Along.Policy.GailValueEstimate.mean": {
            "value": -0.05295218154788017,
            "min": -0.13713355362415314,
            "max": -0.05295218154788017,
            "count": 9
        },
        "Move_Along.Policy.GailValueEstimate.sum": {
            "value": -21.657442092895508,
            "min": -28.08510398864746,
            "max": -21.657442092895508,
            "count": 9
        },
        "Move_Along.Environment.CumulativeReward.mean": {
            "value": -0.10791556857585279,
            "min": -0.8343478223119957,
            "max": -0.09547511461228807,
            "count": 9
        },
        "Move_Along.Environment.CumulativeReward.sum": {
            "value": -40.9000004902482,
            "min": -57.5699997395277,
            "max": -21.100000329315662,
            "count": 9
        },
        "Move_Along.Policy.GailReward.mean": {
            "value": 0.00023869875962560702,
            "min": 0.00023869875962560702,
            "max": 0.010059832263547265,
            "count": 9
        },
        "Move_Along.Policy.GailReward.sum": {
            "value": 0.09046682989810506,
            "min": 0.09046682989810506,
            "max": 0.6941284261847613,
            "count": 9
        },
        "Move_Along.IsTraining.mean": {
            "value": 1.0,
            "min": 1.0,
            "max": 1.0,
            "count": 9
        },
        "Move_Along.IsTraining.sum": {
            "value": 1.0,
            "min": 1.0,
            "max": 1.0,
            "count": 9
        },
        "Move_Along.Losses.PolicyLoss.mean": {
            "value": 0.03548745754307371,
            "min": 0.03548745754307371,
            "max": 0.03620517330629506,
            "count": 2
        },
        "Move_Along.Losses.PolicyLoss.sum": {
            "value": 0.03548745754307371,
            "min": 0.03548745754307371,
            "max": 0.03620517330629506,
            "count": 2
        },
        "Move_Along.Losses.ValueLoss.mean": {
            "value": 0.0006248460838833125,
            "min": 0.0006248460838833125,
            "max": 0.0021130392635920242,
            "count": 2
        },
        "Move_Along.Losses.ValueLoss.sum": {
            "value": 0.0006248460838833125,
            "min": 0.0006248460838833125,
            "max": 0.0021130392635920242,
            "count": 2
        },
        "Move_Along.Policy.LearningRate.mean": {
            "value": 0.0002950806016398,
            "min": 0.0002950806016398,
            "max": 0.00029754180081939996,
            "count": 2
        },
        "Move_Along.Policy.LearningRate.sum": {
            "value": 0.0002950806016398,
            "min": 0.0002950806016398,
            "max": 0.00029754180081939996,
            "count": 2
        },
        "Move_Along.Policy.Epsilon.mean": {
            "value": 0.19836020000000007,
            "min": 0.19836020000000007,
            "max": 0.1991806,
            "count": 2
        },
        "Move_Along.Policy.Epsilon.sum": {
            "value": 0.19836020000000007,
            "min": 0.19836020000000007,
            "max": 0.1991806,
            "count": 2
        },
        "Move_Along.Policy.Beta.mean": {
            "value": 0.009836183979999998,
            "min": 0.009836183979999998,
            "max": 0.009918141940000003,
            "count": 2
        },
        "Move_Along.Policy.Beta.sum": {
            "value": 0.009836183979999998,
            "min": 0.009836183979999998,
            "max": 0.009918141940000003,
            "count": 2
        },
        "Move_Along.Policy.GAILPolicyEstimate.mean": {
            "value": 0.13167630229145288,
            "min": 0.13167630229145288,
            "max": 0.311955576390028,
            "count": 2
        },
        "Move_Along.Policy.GAILPolicyEstimate.sum": {
            "value": 0.13167630229145288,
            "min": 0.13167630229145288,
            "max": 0.311955576390028,
            "count": 2
        },
        "Move_Along.Policy.GAILExpertEstimate.mean": {
            "value": 0.8703372227648895,
            "min": 0.6652375786875685,
            "max": 0.8703372227648895,
            "count": 2
        },
        "Move_Along.Policy.GAILExpertEstimate.sum": {
            "value": 0.8703372227648895,
            "min": 0.6652375786875685,
            "max": 0.8703372227648895,
            "count": 2
        },
        "Move_Along.Losses.GAILLoss.mean": {
            "value": 0.31009702688703933,
            "min": 0.31009702688703933,
            "max": 0.8542516882220904,
            "count": 2
        },
        "Move_Along.Losses.GAILLoss.sum": {
            "value": 0.31009702688703933,
            "min": 0.31009702688703933,
            "max": 0.8542516882220904,
            "count": 2
        },
        "Move_Along.Policy.GAILGradMagLoss.mean": {
            "value": 0.10510995172274609,
            "min": 0.10510995172274609,
            "max": 0.7888060139492155,
            "count": 2
        },
        "Move_Along.Policy.GAILGradMagLoss.sum": {
            "value": 0.10510995172274609,
            "min": 0.10510995172274609,
            "max": 0.7888060139492155,
            "count": 2
        },
        "Move_Along.Losses.PretrainingLoss.mean": {
            "value": 0.9289298057556152,
            "min": 0.9289298057556152,
            "max": 1.0608416001001995,
            "count": 2
        },
        "Move_Along.Losses.PretrainingLoss.sum": {
            "value": 0.9289298057556152,
            "min": 0.9289298057556152,
            "max": 1.0608416001001995,
            "count": 2
        }
    },
    "metadata": {
        "timer_format_version": "0.1.0",
        "start_time_seconds": "1682567035",
        "python_version": "3.9.16 (main, Mar  8 2023, 10:39:24) [MSC v.1916 64 bit (AMD64)]",
        "command_line_arguments": "C:\\ProgramData\\Anaconda3\\envs\\tf_gpu\\Scripts\\mlagents-learn configuration_r.yaml --force",
        "mlagents_version": "0.30.0",
        "mlagents_envs_version": "0.30.0",
        "communication_protocol_version": "1.5.0",
        "pytorch_version": "2.0.0",
        "numpy_version": "1.21.2",
        "end_time_seconds": "1682567435"
    },
    "total": 399.87103840000003,
    "count": 1,
    "self": 10.004170600000066,
    "children": {
        "run_training.setup": {
            "total": 0.051472299999999915,
            "count": 1,
            "self": 0.051472299999999915
        },
        "TrainerController.start_learning": {
            "total": 389.81539549999997,
            "count": 1,
            "self": 0.9705472000011923,