{
    "name": "root",
    "gauges": {
        "Move_Along.Policy.Entropy.mean": {
            "value": 5.412718772888184,
            "min": 4.3933892250061035,
            "max": 5.451195240020752,
            "count": 202
        },
        "Move_Along.Policy.Entropy.sum": {
            "value": 54560.203125,
            "min": 43445.921875,
            "max": 57928.6484375,
            "count": 202
        },
        "Move_Along.Environment.EpisodeLength.mean": {
            "value": 558.8666666666667,
            "min": 121.82222222222222,
            "max": 1492.25,
            "count": 202
        },
        "Move_Along.Environment.EpisodeLength.sum": {
            "value": 8383.0,
            "min": 1489.0,
            "max": 36926.0,
            "count": 202
        },
        "Move_Along.Step.mean": {
            "value": 2019950.0,
            "min": 9997.0,
            "max": 2019950.0,
            "count": 202
        },
        "Move_Along.Step.sum": {
            "value": 2019950.0,
            "min": 9997.0,
            "max": 2019950.0,
            "count": 202
        },
        "Move_Along.Policy.ExtrinsicValueEstimate.mean": {
            "value": -0.11139120906591415,
            "min": -0.20592229068279266,
            "max": 1.2904269695281982,
            "count": 202
        },
        "Move_Along.Policy.ExtrinsicValueEstimate.sum": {
            "value": -18.379549026489258,
            "min": -34.316219329833984,
            "max": 210.96905517578125,
            "count": 202
        },
        "Move_Along.Policy.GailValueEstimate.mean": {
            "value": 26.87287139892578,
            "min": -0.5479825139045715,
            "max": 49.98968505859375,
            "count": 202
        },
        "Move_Along.Policy.GailValueEstimate.sum": {
            "value": 4434.02392578125,
            "min": -89.38835144042969,
            "max": 8782.0791015625,
            "count": 202
        },
        "Move_Along.Environment.CumulativeReward.mean": {
            "value": -0.7000000004967054,
            "min": -0.9181818183172833,
            "max": -0.058333334202567734,
            "count": 202
        },
        "Move_Along.Environment.CumulativeReward.sum": {
            "value": -10.50000000745058,
            "min": -30.200000032782555,
            "max": -0.5000000074505806,
            "count": 202
        },
        "Move_Along.Policy.ExtrinsicReward.mean": {
            "value": -0.7000000004967054,
            "min": -0.9181818183172833,
            "max": -0.058333334202567734,
            "count": 202
        },
        "Move_Along.Policy.ExtrinsicReward.sum": {
            "value": -10.50000000745058,
            "min": -30.200000032782555,
            "max": -0.5000000074505806,
            "count": 202
        },
        "Move_Along.Policy.GailReward.mean": {
            "value": 86.86822013060252,
            "min": 20.139901752057284,
            "max": 354.33233171350815,
            "count": 202
        },
        "Move_Along.Policy.GailReward.sum": {
            "value": 1303.0233019590378,
            "min": 474.29543444514275,
            "max": 9853.809192970395,
            "count": 202
        },
        "Move_Along.IsTraining.mean": {
            "value": 1.0,
            "min": 1.0,
            "max": 1.0,
            "count": 202
        },
        "Move_Along.IsTraining.sum": {
            "value": 1.0,
            "min": 1.0,
            "max": 1.0,
            "count": 202
        },
        "Move_Along.Losses.PolicyLoss.mean": {
            "value": 0.2095123660818596,
            "min": 0.1105639750649783,
            "max": 0.26455443469555273,
            "count": 104
        },
        "Move_Along.Losses.PolicyLoss.sum": {
            "value": 0.2095123660818596,
            "min": 0.1105639750649783,
            "max": 0.26455443469555273,
            "count": 104
        },
        "Move_Along.Losses.ValueLoss.mean": {
            "value": 8.737485175207258,
            "min": 1.8854131100078424,
            "max": 46.37937889099121,
            "count": 104
        },
        "Move_Along.Losses.ValueLoss.sum": {
            "value": 8.737485175207258,
            "min": 1.8854131100078424,
            "max": 46.37937889099121,
            "count": 104
        },
        "Move_Along.Policy.LearningRate.mean": {
            "value": 0.00023979848006717993,
            "min": 0.00023979848006717993,
            "max": 0.0002993772302075899,
            "count": 104
        },
        "Move_Along.Policy.LearningRate.sum": {
            "value": 0.00023979848006717993,
            "min": 0.00023979848006717993,
            "max": 0.0002993772302075899,
            "count": 104
        },
        "Move_Along.Policy.Epsilon.mean": {
            "value": 0.17993281999999994,
            "min": 0.17993281999999994,
            "max": 0.19979241000000003,
            "count": 104
        },
        "Move_Along.Policy.Epsilon.sum": {
            "value": 0.17993281999999994,
            "min": 0.17993281999999994,
            "max": 0.19979241000000003,
            "count": 104
        },
        "Move_Along.Policy.Beta.mean": {
            "value": 0.007995288717999998,
            "min": 0.007995288717999998,
            "max": 0.009979261759,
            "count": 104
        },
        "Move_Along.Policy.Beta.sum": {
            "value": 0.007995288717999998,
            "min": 0.007995288717999998,
            "max": 0.009979261759,
            "count": 104
        },
        "Move_Along.Policy.GAILPolicyEstimate.mean": {
            "value": 0.10654285933511952,
            "min": 0.09369310480542481,
            "max": 0.33850227911320946,
            "count": 104
        },
        "Move_Along.Policy.GAILPolicyEstimate.sum": {
            "value": 0.10654285933511952,
            "min": 0.09369310480542481,
            "max": 0.33850227911320946,
            "count": 104
        },
        "Move_Along.Policy.GAILExpertEstimate.mean": {
            "value": 0.9000456511974335,
            "min": 0.6016035884145706,
            "max": 0.9103054580589135,
            "count": 104
        },
        "Move_Along.Policy.GAILExpertEstimate.sum": {
            "value": 0.9000456511974335,
            "min": 0.6016035884145706,
            "max": 0.9103054580589135,
            "count": 104
        },
        "Move_Along.Losses.GAILLoss.mean": {
            "value": 0.31520923152565955,
            "min": 0.27815673711399236,
            "max": 0.9955596623439638,
            "count": 104
        },
        "Move_Along.Losses.GAILLoss.sum": {
            "value": 0.31520923152565955,
            "min": 0.27815673711399236,
            "max": 0.9955596623439638,
            "count": 104
        },
        "Move_Along.Policy.GAILGradMagLoss.mean": {
            "value": 0.017989760883695756,
            "min": 0.009996886675556501,
            "max": 1.4257505501487426,
            "count": 104
        },
        "Move_Along.Policy.GAILGradMagLoss.sum": {
            "value": 0.017989760883695756,
            "min": 0.009996886675556501,
            "max": 1.4257505501487426,
            "count": 104
        }
    },
    "metadata": {
        "timer_format_version": "0.1.0",
        "start_time_seconds": "1677235743",
        "python_version": "3.9.13 (main, Oct 13 2022, 21:23:06) [MSC v.1916 64 bit (AMD64)]",
        "command_line_arguments": "C:\\ProgramData\\Anaconda3\\envs\\Agents\\Scripts\\mlagents-learn D:\\Unity_projects\\Robotic_trainingAI\\config\\Move_Along.yaml --run-id=74",
        "mlagents_version": "0.30.0",
        "mlagents_envs_version": "0.30.0",
        "communication_protocol_version": "1.5.0",
        "pytorch_version": "1.13.1",