{"count":1,"self":38.067775999999995,"total":39.1581623,"children":{"InitializeActuators":{"count":1,"self":0.0010002,"total":0.0010002,"children":null},"InitializeSensors":{"count":1,"self":0.0010000999999999999,"total":0.0010000999999999999,"children":null},"AgentSendState":{"count":1744,"self":0.31929609999999997,"total":0.33582219999999996,"children":{"CollectObservations":{"count":1744,"self":0.0029958999999999997,"total":0.0029958999999999997,"children":null},"WriteActionMask":{"count":1744,"self":0.00099629999999999988,"total":0.00099629999999999988,"children":null},"RequestDecision":{"count":1744,"self":0.012533899999999999,"total":0.012533899999999999,"children":null}}},"DecideAction":{"count":1744,"self":0.7355007,"total":0.74306339999999993,"children":{"RayPerceptionSensor.Perceive":{"count":1744,"self":0.0075626999999999995,"total":0.0075626999999999995,"children":null}}},"AgentAct":{"count":1744,"self":0.007992899999999999,"total":0.007992899999999999,"children":null}},"gauges":{"Move_Along.CumulativeReward":{"count":4,"max":-0.5,"min":-0.5,"runningAverage":-0.5,"value":-0.5,"weightedAverage":-0.5}},"metadata":{"timer_format_version":"0.1.0","start_time_seconds":"1682922122","unity_version":"2021.3.16f1","command_line_arguments":"C:\/Program Files\/Unity 2021.3.16f1\/Editor\/Unity.exe -projectpath D:\\Unity_projects\\Robotic_trainingAI -useHub -hubIPC -cloudEnvironment production -licensingIpc LicenseClient-Administrator -hubSessionId 751ecbc0-e7db-11ed-aeac-af9dfedd3fc4 -accessToken 7lqekcG6NLzT9wljb5OywtJHjHlS7Wl1zauC-N1gPpU011f","communication_protocol_version":"1.5.0","com.unity.ml-agents_version":"2.0.1","scene_name":"robotic_farm_training","end_time_seconds":"1682922161"}}