{
    "name": "root",
    "gauges": {
        "Move_Along.Policy.Entropy.mean": {
            "value": 3.0693600177764893,
            "min": 2.974436044692993,
            "max": 3.295666456222534,
            "count": 206
        },
        "Move_Along.Policy.Entropy.sum": {
            "value": 30313.0,
            "min": 29696.76953125,
            "max": 33556.4765625,
            "count": 206
        },
        "Move_Along.Environment.EpisodeLength.mean": {
            "value": 403.6521739130435,
            "min": 107.7375,
            "max": 79688.0,
            "count": 146
        },
        "Move_Along.Environment.EpisodeLength.sum": {
            "value": 9284.0,
            "min": 2691.0,
            "max": 154075.0,
            "count": 146
        },
        "Move_Along.Step.mean": {
            "value": 2059990.0,
            "min": 9979.0,
            "max": 2059990.0,
            "count": 206
        },
        "Move_Along.Step.sum": {
            "value": 2059990.0,
            "min": 9979.0,
            "max": 2059990.0,
            "count": 206
        },
        "Move_Along.Policy.ExtrinsicValueEstimate.mean": {
            "value": -0.33899375796318054,
            "min": -0.6164257526397705,
            "max": 0.05271007493138313,
            "count": 206
        },
        "Move_Along.Policy.ExtrinsicValueEstimate.sum": {
            "value": -56.27296447753906,
            "min": -96.77883911132812,
            "max": 10.173044204711914,
            "count": 206
        },
        "Move_Along.Policy.GailValueEstimate.mean": {
            "value": 16.119728088378906,
            "min": -0.15122562646865845,
            "max": 20.004865646362305,
            "count": 206
        },
        "Move_Along.Policy.GailValueEstimate.sum": {
            "value": 2675.875,
            "min": -30.85002899169922,
            "max": 3320.8076171875,
            "count": 206
        },
        "Move_Along.Environment.CumulativeReward.mean": {
            "value": -0.5,
            "min": -1053.5,
            "max": -0.44192307728987473,
            "count": 146
        },
        "Move_Along.Environment.CumulativeReward.sum": {
            "value": -11.5,
            "min": -1277.0,
            "max": -7.5,
            "count": 146
        },
        "Move_Along.Policy.ExtrinsicReward.mean": {
            "value": -0.25,
            "min": -526.75,
            "max": -0.22096153864493737,
            "count": 146
        },
        "Move_Along.Policy.ExtrinsicReward.sum": {
            "value": -5.75,
            "min": -638.5,
            "max": -3.75,
            "count": 146
        },
        "Move_Along.Policy.GailReward.mean": {
            "value": 2.356189602715186,
            "min": 2.15322524179583,
            "max": 2724.9161764401942,
            "count": 146
        },
        "Move_Along.Policy.GailReward.sum": {
            "value": 54.19236086244928,
            "min": 37.356111268512905,
            "max": 4345.9582337551,
            "count": 146
        },
        "Move_Along.IsTraining.mean": {
            "value": 1.0,
            "min": 1.0,
            "max": 1.0,
            "count": 206
        },
        "Move_Along.IsTraining.sum": {
            "value": 1.0,
            "min": 1.0,
            "max": 1.0,
            "count": 206
        },
        "Move_Along.Losses.PolicyLoss.mean": {
            "value": 0.03462435065658621,
            "min": 0.034337262564597335,
            "max": 0.03674996416683273,
            "count": 12
        },
        "Move_Along.Losses.PolicyLoss.sum": {
            "value": 0.03462435065658621,
            "min": 0.034337262564597335,
            "max": 0.03674996416683273,
            "count": 12
        },
        "Move_Along.Losses.ValueLoss.mean": {
            "value": 7.268940240916397,
            "min": 0.1414925920145054,
            "max": 7.268940240916397,
            "count": 12
        },
        "Move_Along.Losses.ValueLoss.sum": {
            "value": 7.268940240916397,
            "min": 0.1414925920145054,
            "max": 7.268940240916397,
            "count": 12
        },
        "Move_Along.Policy.LearningRate.mean": {
            "value": 0.00015250999916335,
            "min": 0.00015250999916335,
            "max": 0.00028771020409659997,
            "count": 12
        },
        "Move_Along.Policy.LearningRate.sum": {
            "value": 0.00015250999916335,
            "min": 0.00015250999916335,
            "max": 0.00028771020409659997,
            "count": 12
        },
        "Move_Along.Policy.Epsilon.mean": {
            "value": 0.15083665000000002,
            "min": 0.15083665000000002,
            "max": 0.19590339999999998,
            "count": 12
        },
        "Move_Along.Policy.Epsilon.sum": {
            "value": 0.15083665000000002,
            "min": 0.15083665000000002,
            "max": 0.19590339999999998,
            "count": 12
        },
        "Move_Along.Policy.Beta.mean": {
            "value": 0.005088581334999999,
            "min": 0.005088581334999999,
            "max": 0.00959074966,
            "count": 12
        },
        "Move_Along.Policy.Beta.sum": {
            "value": 0.005088581334999999,
            "min": 0.005088581334999999,
            "max": 0.00959074966,
            "count": 12
        },
        "Move_Along.Policy.GAILPolicyEstimate.mean": {
            "value": 0.010044849957947528,
            "min": 0.010044849957947528,
            "max": 0.19261416437636528,
            "count": 12
        },
        "Move_Along.Policy.GAILPolicyEstimate.sum": {
            "value": 0.010044849957947528,
            "min": 0.010044849957947528,
            "max": 0.19261416437636528,
            "count": 12
        },
        "Move_Along.Policy.GAILExpertEstimate.mean": {
            "value": 0.987716023943254,
            "min": 0.8061146609219058,
            "max": 0.987716023943254,
            "count": 12
        },
        "Move_Along.Policy.GAILExpertEstimate.sum": {
            "value": 0.987716023943254,
            "min": 0.8061146609219058,
            "max": 0.987716023943254,
            "count": 12
        },
        "Move_Along.Losses.GAILLoss.mean": {
            "value": 0.0315860162988039,
            "min": 0.0315860162988039,
            "max": 0.48471266073174774,
            "count": 12
        },
        "Move_Along.Losses.GAILLoss.sum": {
            "value": 0.0315860162988039,
            "min": 0.0315860162988039,
            "max": 0.48471266073174774,
            "count": 12
        },
        "Move_Along.Policy.GAILGradMagLoss.mean": {
            "value": 0.016163929486200296,
            "min": 0.01611093781029922,
            "max": 0.2428158181786005,
            "count": 12
        },
        "Move_Along.Policy.GAILGradMagLoss.sum": {
            "value": 0.016163929486200296,
            "min": 0.01611093781029922,
            "max": 0.2428158181786005,
            "count": 12
        }
    },
    "metadata": {
        "timer_format_version": "0.1.0",
        "start_time_seconds": "1682917990",
        "python_version": "3.9.16 (main, Mar  8 2023, 10:39:24) [MSC v.1916 64 bit (AMD64)]",
        "command_line_arguments": "C:\\ProgramData\\Anaconda3\\envs\\tf_gpu\\Scripts\\mlagents-learn configuration_r.yaml --force",
        "mlagents_version": "0.30.0",
        "mlagents_envs_version": "0.30.0",
        "communication_protocol_version": "1.5.0",
        "pytorch_version": "2.0.0",
        "numpy_version": "1.21.2",
        "end_time_seconds": "1682921532"
    },
    "total": 3542.2213493,
    "count": 1,
    "self": 0.004751699999815173,
    "children": {
        "run_training.setup": {
            "total": 0.054085499999999787,