{
    "name": "root",
    "gauges": {
        "Move_Along.Policy.Entropy.mean": {
            "value": 3.1534624099731445,
            "min": 3.1534624099731445,
            "max": 3.2956602573394775,
            "count": 12
        },
        "Move_Along.Policy.Entropy.sum": {
            "value": 31408.486328125,
            "min": 31408.486328125,
            "max": 33615.734375,
            "count": 12
        },
        "Move_Along.Environment.EpisodeLength.mean": {
            "value": 1879.5,
            "min": 113.125,
            "max": 1879.5,
            "count": 10
        },
        "Move_Along.Environment.EpisodeLength.sum": {
            "value": 3759.0,
            "min": 3759.0,
            "max": 10426.0,
            "count": 10
        },
        "Move_Along.Step.mean": {
            "value": 119956.0,
            "min": 9962.0,
            "max": 119956.0,
            "count": 12
        },
        "Move_Along.Step.sum": {
            "value": 119956.0,
            "min": 9962.0,
            "max": 119956.0,
            "count": 12
        },
        "Move_Along.Policy.GailValueEstimate.mean": {
            "value": 19.215499877929688,
            "min": 0.0808074101805687,
            "max": 19.952146530151367,
            "count": 12
        },
        "Move_Along.Policy.GailValueEstimate.sum": {
            "value": 2997.617919921875,
            "min": 15.272600173950195,
            "max": 3152.439208984375,
            "count": 12
        },
        "Move_Along.Environment.CumulativeReward.mean": {
            "value": -79.99000000488013,
            "min": -79.99000000488013,
            "max": -0.5625,
            "count": 10
        },
        "Move_Along.Environment.CumulativeReward.sum": {
            "value": -159.98000000976026,
            "min": -291.85999982059,
            "max": -45.0,
            "count": 10
        },
        "Move_Along.Policy.GailReward.mean": {
            "value": 337.5469723343849,
            "min": 47.86387942507863,
            "max": 337.5469723343849,
            "count": 10
        },
        "Move_Along.Policy.GailReward.sum": {
            "value": 675.0939446687698,
            "min": 675.0939446687698,
            "max": 4308.705376029015,
            "count": 10
        },
        "Move_Along.IsTraining.mean": {
            "value": 1.0,
            "min": 1.0,
            "max": 1.0,
            "count": 12
        },
        "Move_Along.IsTraining.sum": {
            "value": 1.0,
            "min": 1.0,
            "max": 1.0,
            "count": 12
        },
        "Move_Along.Losses.PolicyLoss.mean": {
            "value": 0.034004965809799614,
            "min": 0.032912205579608174,
            "max": 0.03535625945181285,
            "count": 5
        },
        "Move_Along.Losses.PolicyLoss.sum": {
            "value": 0.034004965809799614,
            "min": 0.032912205579608174,
            "max": 0.03535625945181285,
            "count": 5
        },
        "Move_Along.Losses.ValueLoss.mean": {
            "value": 1.0536684788763524,
            "min": 1.0536684788763524,
            "max": 12.444804080327351,
            "count": 5
        },
        "Move_Along.Losses.ValueLoss.sum": {
            "value": 1.0536684788763524,
            "min": 1.0536684788763524,
            "max": 12.444804080327351,
            "count": 5
        },
        "Move_Along.Policy.LearningRate.mean": {
            "value": 0.00028974520341826666,
            "min": 0.00028974520341826666,
            "max": 0.0002979509006830333,
            "count": 5
        },
        "Move_Along.Policy.LearningRate.sum": {
            "value": 0.00028974520341826666,
            "min": 0.00028974520341826666,
            "max": 0.0002979509006830333,
            "count": 5
        },
        "Move_Along.Policy.Epsilon.mean": {
            "value": 0.19658173333333331,
            "min": 0.19658173333333331,
            "max": 0.19931696666666673,
            "count": 5
        },
        "Move_Along.Policy.Epsilon.sum": {
            "value": 0.19658173333333331,
            "min": 0.19658173333333331,
            "max": 0.19931696666666673,
            "count": 5
        },
        "Move_Along.Policy.Beta.mean": {
            "value": 0.00965851516,
            "min": 0.00965851516,
            "max": 0.009931764970000003,
            "count": 5
        },
        "Move_Along.Policy.Beta.sum": {
            "value": 0.00965851516,
            "min": 0.00965851516,
            "max": 0.009931764970000003,
            "count": 5
        },
        "Move_Along.Policy.GAILPolicyEstimate.mean": {
            "value": 0.18491686613609393,
            "min": 0.18491686613609393,
            "max": 0.3546976175159216,
            "count": 5
        },
        "Move_Along.Policy.GAILPolicyEstimate.sum": {
            "value": 0.18491686613609393,
            "min": 0.18491686613609393,
            "max": 0.3546976175159216,
            "count": 5
        },
        "Move_Along.Policy.GAILExpertEstimate.mean": {
            "value": 0.8330070269604524,
            "min": 0.6322238080203533,
            "max": 0.8330070269604524,
            "count": 5
        },
        "Move_Along.Policy.GAILExpertEstimate.sum": {
            "value": 0.8330070269604524,
            "min": 0.6322238080203533,
            "max": 0.8330070269604524,
            "count": 5
        },
        "Move_Along.Losses.GAILLoss.mean": {
            "value": 0.4149244139591853,
            "min": 0.4149244139591853,
            "max": 0.9673880343635877,
            "count": 5
        },
        "Move_Along.Losses.GAILLoss.sum": {
            "value": 0.4149244139591853,
            "min": 0.4149244139591853,
            "max": 0.9673880343635877,
            "count": 5
        },
        "Move_Along.Policy.GAILGradMagLoss.mean": {
            "value": 0.10184201747179031,
            "min": 0.09604013677065572,
            "max": 1.4720688549491265,
            "count": 5
        },
        "Move_Along.Policy.GAILGradMagLoss.sum": {
            "value": 0.10184201747179031,
            "min": 0.09604013677065572,
            "max": 1.4720688549491265,
            "count": 5
        },
        "Move_Along.Losses.PretrainingLoss.mean": {
            "value": 0.9426795045534769,
            "min": 0.9215462605158488,
            "max": 1.0916097164154053,
            "count": 5
        },
        "Move_Along.Losses.PretrainingLoss.sum": {
            "value": 0.9426795045534769,
            "min": 0.9215462605158488,
            "max": 1.0916097164154053,
            "count": 5
        }
    },
    "metadata": {
        "timer_format_version": "0.1.0",
        "start_time_seconds": "1682664608",
        "python_version": "3.9.16 (main, Mar  8 2023, 10:39:24) [MSC v.1916 64 bit (AMD64)]",
        "command_line_arguments": "C:\\ProgramData\\Anaconda3\\envs\\tf_gpu\\Scripts\\mlagents-learn D:\\Unity_projects\\Robotic_trainingAI\\results\\configuration_r.yaml --force",
        "mlagents_version": "0.30.0",
        "mlagents_envs_version": "0.30.0",
        "communication_protocol_version": "1.5.0",
        "pytorch_version": "2.0.0",
        "numpy_version": "1.21.2",
        "end_time_seconds": "1682664868"
    },
    "total": 260.406615,
    "count": 1,
    "self": 0.003098099999988335,
    "children": {
        "run_training.setup": {
            "total": 0.052941799999999706,
            "count": 1,
            "self": 0.052941799999999706
        },
        "TrainerController.start_learning": {
            "total": 260.3505751,
            "count": 1,
            "self": 0.18486619999941922,